EmployeeID,Age,Department,Salary,Experience,Overtime,Attrition
1,50.0,R&D,76850.0,32.0,No,No
2,36.0,Sales,84220.0,30.0,No,No
3,29.0,IT,36397.0,1.0,Yes,Yes
4,42.0,HR,65525.0,17.0,Yes,No
5,40.0,IT,83072.0,20.0,No,No
6,44.0,R&D,113820.0,24.0,No,No
7,32.0,HR,114530.0,22.0,Yes,No
8,32.0,Finance,53284.0,29.0,No,No
9,45.0,IT,91330.0,22.0,No,No
10,57.0,HR,113369.0,9.0,No,No
11,45.0,IT,55122.0,10.0,Yes,No
12,24.0,HR,100553.0,28.0,Yes,No
13,43.0,Sales,111906.0,28.0,No,No
14,23.0,IT,92812.0,21.0,Yes,No
15,45.0,Finance,37999.0,24.0,No,Yes
16,51.0,Finance,52436.0,2.0,No,No
17,59.0,R&D,72963.0,8.0,No,No
18,23.0,HR,32096.0,27.0,No,Yes
19,42.0,IT,55279.0,22.0,No,No
20,54.0,R&D,74041.36899747261,27.0,Yes,No
21,33.0,IT,49715.0,29.0,No,No
22,43.0,HR,59309.0,3.0,No,No
23,46.0,Finance,45078.0,13.0,No,No
24,48.0,Sales,86614.0,10.0,Yes,No
25,49.0,Finance,35105.0,9.0,Yes,No
26,37.0,R&D,32839.0,27.0,Yes,No
27,36.0,Sales,98920.0,34.0,No,No
28,24.0,R&D,73619.0,1.0,No,No
29,58.0,HR,72821.0,32.0,No,No
30,28.0,Sales,43493.0,25.0,Yes,Yes
31,42.0,R&D,47069.0,29.0,Yes,No
32,30.0,HR,37531.0,7.0,No,Yes
33,39.0,Finance,67051.0,3.0,No,No
34,25.0,HR,37736.0,20.0,Yes,No
35,46.0,IT,37710.0,20.0,No,No
36,35.0,HR,97155.0,30.0,Yes,No
37,30.0,HR,43975.0,27.0,No,No
38,47.0,IT,92424.0,26.0,No,No
39,23.0,R&D,75603.0,14.0,Yes,Yes
40,41.0,R&D,53252.0,17.0,Yes,Yes
41,49.0,HR,110797.0,18.0,No,No
42,28.0,IT,31431.0,29.0,Yes,No
43,29.0,IT,104603.0,20.0,No,Yes
44,56.0,Finance,67481.0,27.0,No,No
45,35.0,R&D,39557.0,18.0,No,No
46,38.0,Sales,104971.0,4.0,No,Yes
47,41.021996615905245,R&D,30162.0,1.0,No,No
48,25.0,R&D,64742.0,1.0,Yes,No
49,23.0,Finance,49675.0,26.0,No,Yes
50,27.0,Sales,103997.0,20.0,No,No
51,25.0,Finance,47015.0,23.0,No,No
52,50.0,Sales,80057.0,10.0,Yes,No
53,39.0,HR,62591.0,11.0,Yes,No
54,47.0,Sales,39833.0,5.0,No,No
55,55.0,Finance,37896.0,1.0,Yes,No
56,31.0,R&D,62972.0,17.0,No,Yes
57,57.0,Sales,79733.0,22.0,No,No
58,35.0,Sales,71800.0,34.0,No,No
59,52.0,IT,35347.0,29.0,No,Yes
60,36.0,R&D,89063.0,4.0,No,No
61,29.0,HR,32643.0,5.0,No,No
62,41.021996615905245,Finance,70785.0,11.0,Yes,No
63,44.0,HR,48681.0,21.0,No,No
64,42.0,R&D,80026.0,12.0,No,No
65,37.0,Sales,45892.0,26.0,No,No
66,39.0,Sales,77299.0,19.0,No,No
67,45.0,R&D,47073.0,7.0,No,No
68,47.0,Sales,60682.0,7.0,No,No
69,46.0,Sales,44289.0,26.0,No,No
70,50.0,Sales,37927.0,5.0,Yes,No
71,36.0,Finance,78330.0,21.0,No,No
72,22.0,Finance,96707.0,14.0,No,No
73,46.0,IT,107454.0,4.0,No,No
74,28.0,HR,95428.0,23.0,No,Yes
75,30.0,R&D,80601.0,20.0,No,No
76,45.0,R&D,107465.0,15.0,Yes,No
77,22.0,R&D,32539.0,29.0,No,Yes
78,29.0,IT,52669.0,8.0,Yes,No
79,45.0,Finance,74041.36899747261,19.0,No,No
80,32.0,IT,50644.0,28.0,No,No
81,38.0,R&D,48745.0,27.0,Yes,Yes
82,29.0,HR,58228.0,4.0,Yes,No
83,56.0,Sales,64521.0,15.0,No,No
84,56.0,Finance,56928.0,1.0,Yes,Yes
85,54.0,Finance,48322.0,3.0,No,No
86,26.0,IT,87714.0,24.0,Yes,No
87,49.0,Finance,117896.0,27.0,Yes,No
88,28.0,R&D,92292.0,34.0,No,No
89,30.0,R&D,59055.0,29.0,No,No
90,29.0,IT,72891.0,24.0,No,No
91,33.0,R&D,111912.0,24.0,No,Yes
92,55.0,HR,36588.0,4.0,No,Yes
93,54.0,IT,36304.0,3.0,No,No
94,44.0,HR,37345.0,34.0,No,No
95,45.0,Sales,59300.0,23.0,No,No
96,58.0,HR,54259.0,23.0,No,Yes
97,56.0,Sales,118553.0,5.0,No,Yes
98,43.0,Sales,45352.0,31.0,Yes,No
99,41.021996615905245,HR,63365.0,6.0,No,No
100,56.0,IT,49446.0,10.0,Yes,No
101,22.0,R&D,32336.0,7.0,No,No
102,56.0,R&D,92032.0,21.0,Yes,No
103,58.0,Sales,105415.0,20.0,No,Yes
104,35.0,Sales,37521.0,3.0,No,No
105,24.0,IT,101707.0,22.0,Yes,No
106,22.0,Finance,53481.0,4.0,Yes,No
107,26.0,HR,48474.0,28.0,Yes,No
108,47.0,Sales,76760.0,12.0,No,Yes
109,35.0,R&D,85718.0,5.0,No,Yes
110,48.0,IT,74629.0,13.0,Yes,No
111,30.0,HR,75232.0,23.0,No,No
112,36.0,IT,116544.0,30.0,No,Yes
113,36.0,HR,97169.0,25.0,No,Yes
114,47.0,HR,80669.0,27.0,No,Yes
115,34.0,Sales,108021.0,14.0,No,No
116,53.0,IT,99184.0,17.392617449664428,No,Yes
117,53.0,IT,77945.0,22.0,Yes,No
118,25.0,R&D,43140.0,21.0,Yes,No
119,51.0,R&D,113457.0,21.0,Yes,No
120,58.0,Sales,44357.0,8.0,Yes,Yes
121,44.0,Sales,98673.0,16.0,No,No
122,36.0,Finance,95633.0,31.0,No,Yes
123,50.0,R&D,106943.0,10.0,No,No
124,57.0,HR,108258.0,32.0,Yes,No
125,34.0,IT,42924.0,34.0,Yes,No
126,53.0,Sales,99286.0,9.0,No,No
127,28.0,IT,104071.0,17.0,No,No
128,43.0,IT,87326.0,11.0,Yes,No
129,49.0,Finance,60651.0,32.0,No,No
130,23.0,R&D,100202.0,10.0,No,No
131,27.0,Sales,78777.0,22.0,No,No
132,49.0,IT,46994.0,17.0,No,No
133,49.0,Sales,97263.0,4.0,Yes,No
134,41.0,HR,89634.0,25.0,Yes,No
135,51.0,Finance,40800.0,21.0,No,No
136,32.0,HR,67823.0,1.0,No,No
137,49.0,Sales,93878.0,25.0,No,No
138,46.0,Sales,48708.0,17.0,No,No
139,54.0,R&D,42819.0,24.0,Yes,Yes
140,22.0,IT,104905.0,2.0,No,No
141,48.0,IT,93870.0,15.0,Yes,No
142,34.0,HR,39283.0,32.0,No,No
143,24.0,Finance,60573.0,6.0,No,No
144,27.0,IT,108707.0,1.0,No,No
145,29.0,R&D,60933.0,23.0,No,Yes
146,48.0,HR,35774.0,17.0,No,No
147,30.0,HR,102055.0,34.0,No,Yes
148,58.0,R&D,40983.0,29.0,No,Yes
149,54.0,Finance,48133.0,9.0,Yes,No
150,45.0,R&D,44939.0,13.0,Yes,No
151,36.0,Finance,30781.0,6.0,Yes,No
152,53.0,R&D,86700.0,6.0,Yes,No
153,53.0,R&D,57624.0,20.0,No,Yes
154,45.0,Sales,36823.0,3.0,No,No
155,33.0,HR,48489.0,17.0,No,No
156,23.0,R&D,69961.0,12.0,Yes,No
157,24.0,R&D,59118.0,1.0,No,No
158,58.0,IT,111816.0,17.0,No,No
159,38.0,HR,52263.0,3.0,No,No
160,23.0,IT,43565.0,26.0,No,Yes
161,23.0,HR,50354.0,15.0,No,No
162,49.0,IT,72951.0,32.0,Yes,No
163,44.0,R&D,53648.0,32.0,Yes,Yes
164,58.0,R&D,80729.0,4.0,No,Yes
165,53.0,Sales,71971.0,18.0,No,No
166,54.0,IT,74041.36899747261,19.0,No,No
167,22.0,Finance,51253.0,14.0,Yes,Yes
168,40.0,Sales,94166.0,33.0,No,No
169,23.0,IT,78563.0,14.0,No,No
170,47.0,IT,56390.0,34.0,No,No
171,53.0,Sales,118664.0,4.0,Yes,No
172,27.0,R&D,81578.0,24.0,Yes,No
173,53.0,IT,109025.0,29.0,No,No
174,25.0,R&D,62658.0,19.0,No,No
175,32.0,Sales,36852.0,6.0,Yes,No
176,38.0,R&D,32551.0,33.0,Yes,No
177,59.0,HR,101947.0,19.0,No,Yes
178,45.0,Finance,91001.0,1.0,No,No
179,26.0,IT,79159.0,5.0,No,No
180,55.0,Finance,81707.0,27.0,No,No
181,27.0,R&D,63243.0,16.0,No,No
182,43.0,IT,51800.0,6.0,Yes,Yes
183,32.0,R&D,105939.0,13.0,No,No
184,37.0,HR,87828.0,19.0,No,No
185,54.0,Sales,37239.0,12.0,No,No
186,30.0,IT,36710.0,16.0,No,No
187,27.0,HR,51384.0,10.0,Yes,No
188,37.0,HR,51038.0,25.0,Yes,No
189,50.0,IT,70846.0,20.0,No,No
190,24.0,R&D,117983.0,31.0,Yes,Yes
191,41.0,HR,97821.0,4.0,Yes,No
192,57.0,Finance,67991.0,23.0,No,No
193,40.0,HR,109057.0,2.0,No,No
194,47.0,R&D,36971.0,22.0,No,No
195,24.0,R&D,59139.0,8.0,No,No
196,40.0,Finance,115445.0,7.0,No,No
197,41.0,HR,107067.0,14.0,No,No
198,53.0,R&D,110257.0,3.0,No,No
199,28.0,IT,114742.0,16.0,No,No
200,54.0,Sales,67711.0,19.0,No,Yes
201,39.0,Sales,36530.0,18.0,No,Yes
202,22.0,Sales,41116.0,16.0,No,No
203,32.0,HR,95794.0,8.0,No,No
204,49.0,Finance,30282.0,33.0,No,Yes
205,46.0,R&D,109473.0,12.0,Yes,No
206,44.0,IT,31898.0,11.0,No,No
207,52.0,IT,34135.0,5.0,Yes,No
208,51.0,HR,36629.0,27.0,No,No
209,56.0,Sales,115120.0,12.0,No,No
210,28.0,HR,119087.0,17.0,No,No
211,37.0,Finance,95031.0,6.0,No,Yes
212,47.0,Finance,63380.0,33.0,No,No
213,23.0,R&D,47071.0,5.0,No,No
214,22.0,R&D,50074.0,28.0,No,No
215,33.0,Finance,97843.0,14.0,No,No
216,26.0,Finance,69901.0,5.0,Yes,No
217,58.0,Finance,41205.0,33.0,Yes,Yes
218,53.0,HR,85661.0,19.0,Yes,No
219,30.0,Finance,35906.0,22.0,No,No
220,56.0,IT,32591.0,5.0,No,No
221,40.0,Sales,92987.0,2.0,No,Yes
222,37.0,Finance,93370.0,30.0,Yes,No
223,24.0,Sales,110685.0,4.0,Yes,No
224,41.0,HR,84400.0,17.392617449664428,No,Yes
225,45.0,Sales,55150.0,13.0,Yes,No
226,54.0,HR,61852.0,20.0,No,No
227,45.0,IT,72870.0,7.0,No,No
228,32.0,HR,82756.0,15.0,No,No
229,29.0,HR,86481.0,23.0,Yes,No
230,57.0,R&D,31283.0,14.0,Yes,No
231,59.0,Finance,63691.0,23.0,Yes,No
232,41.0,Finance,31125.0,19.0,No,No
233,56.0,IT,97065.0,29.0,No,No
234,46.0,IT,56170.0,20.0,Yes,Yes
235,56.0,Finance,38438.0,29.0,No,Yes
236,46.0,R&D,50095.0,17.392617449664428,No,No
237,50.0,Finance,46154.0,18.0,Yes,No
238,39.0,R&D,38004.0,10.0,No,No
239,39.0,IT,39752.0,8.0,No,No
240,23.0,Sales,85426.0,26.0,Yes,No
241,56.0,IT,56819.0,29.0,No,Yes
242,37.0,IT,54217.0,10.0,No,No
243,57.0,HR,118708.0,17.0,No,No
244,54.0,HR,62994.0,2.0,No,No
245,25.0,HR,45036.0,6.0,No,No
246,54.0,HR,107275.0,5.0,No,No
247,35.0,R&D,79416.0,28.0,No,No
248,42.0,Finance,39587.0,5.0,No,Yes
249,41.0,Sales,30645.0,18.0,No,No
250,29.0,IT,60930.0,26.0,Yes,No
251,28.0,R&D,111835.0,20.0,No,No
252,24.0,Sales,60090.0,27.0,No,Yes
253,38.0,R&D,117489.0,12.0,No,No
254,54.0,R&D,74041.36899747261,7.0,No,Yes
255,33.0,IT,56475.0,3.0,Yes,No
256,43.0,Finance,48888.0,10.0,No,No
257,43.0,HR,73732.0,34.0,Yes,Yes
258,51.0,Finance,111623.0,25.0,No,No
259,59.0,IT,76305.0,16.0,No,Yes
260,59.0,IT,76037.0,2.0,No,No
261,29.0,IT,39346.0,24.0,No,No
262,48.0,Sales,30587.0,10.0,No,Yes
263,48.0,Finance,42763.0,22.0,No,Yes
264,55.0,Finance,89165.0,26.0,No,No
265,42.0,R&D,99615.0,27.0,No,Yes
266,51.0,R&D,66116.0,29.0,No,Yes
267,54.0,R&D,115751.0,20.0,Yes,No
268,49.0,IT,55556.0,27.0,Yes,No
269,54.0,Finance,89042.0,20.0,No,No
270,26.0,IT,48099.0,19.0,No,Yes
271,40.0,Sales,75096.0,20.0,No,No
272,25.0,R&D,101986.0,2.0,Yes,Yes
273,56.0,IT,43230.0,30.0,No,Yes
274,38.0,IT,59009.0,34.0,No,No
275,49.0,Sales,100969.0,22.0,Yes,No
276,51.0,HR,63866.0,3.0,No,Yes
277,50.0,Finance,114246.0,6.0,No,No
278,27.0,HR,106975.0,15.0,No,No
279,56.0,R&D,71855.0,27.0,No,No
280,58.0,IT,111557.0,10.0,No,No
281,45.0,Sales,36416.0,9.0,Yes,No
282,50.0,Sales,102516.0,33.0,No,Yes
283,52.0,Finance,85915.0,32.0,No,Yes
284,56.0,HR,48058.0,6.0,No,No
285,54.0,Finance,106637.0,2.0,No,No
286,42.0,IT,70718.0,29.0,No,No
287,53.0,Finance,62602.0,4.0,No,No
288,44.0,Sales,104658.0,1.0,Yes,No
289,54.0,Sales,108112.0,19.0,No,No
290,24.0,R&D,88067.0,26.0,No,No
291,39.0,R&D,57516.0,25.0,No,No
292,46.0,IT,117969.0,10.0,No,No
293,52.0,HR,31089.0,15.0,Yes,Yes
294,24.0,Finance,67346.0,22.0,No,No
295,45.0,IT,104663.0,21.0,No,Yes
296,53.0,R&D,40487.0,22.0,No,No
297,43.0,Finance,30155.0,34.0,No,No
298,44.0,R&D,97494.0,30.0,No,No
299,23.0,Finance,106229.0,25.0,Yes,No
300,48.0,HR,68547.0,28.0,No,No
301,23.0,IT,58795.0,1.0,Yes,No
302,47.0,Finance,85296.0,4.0,No,No
303,38.0,Sales,51447.0,7.0,Yes,No
304,54.0,Sales,66598.0,9.0,Yes,No
305,30.0,Finance,71814.0,19.0,No,No
306,50.0,Finance,105330.0,1.0,No,No
307,47.0,Finance,117960.0,10.0,No,Yes
308,56.0,Sales,93278.0,9.0,No,No
309,46.0,Sales,85077.0,32.0,No,No
310,45.0,Finance,101906.0,32.0,No,No
311,34.0,R&D,39528.0,6.0,No,Yes
312,28.0,R&D,80100.0,17.0,Yes,No
313,57.0,HR,38179.0,10.0,No,No
314,41.0,IT,78781.0,27.0,No,No
315,22.0,R&D,85267.0,21.0,No,No
316,29.0,Sales,112379.0,25.0,Yes,No
317,37.0,R&D,53952.0,28.0,Yes,No
318,35.0,HR,83798.0,15.0,Yes,No
319,33.0,HR,80939.0,4.0,No,No
320,44.0,IT,59516.0,29.0,No,No
321,36.0,R&D,86526.0,9.0,Yes,No
322,49.0,Sales,40449.0,27.0,No,Yes
323,55.0,Sales,80290.0,26.0,No,Yes
324,23.0,Finance,116661.0,19.0,No,No
325,53.0,Sales,102954.0,28.0,No,No
326,44.0,IT,52746.0,17.0,Yes,Yes
327,43.0,IT,97990.0,20.0,No,No
328,46.0,Sales,88810.0,23.0,No,No
329,43.0,Sales,113297.0,32.0,No,No
330,43.0,Finance,45223.0,33.0,No,No
331,27.0,Sales,102237.0,5.0,Yes,Yes
332,36.0,Finance,32597.0,34.0,No,No
333,58.0,Finance,95677.0,11.0,Yes,No
334,54.0,Sales,32659.0,3.0,No,No
335,29.0,HR,116516.0,33.0,No,Yes
336,26.0,HR,104567.0,11.0,Yes,No
337,41.021996615905245,Finance,45037.0,16.0,No,No
338,27.0,Sales,76738.0,18.0,Yes,No
339,53.0,HR,101678.0,30.0,No,Yes
340,51.0,Sales,42109.0,10.0,No,No
341,56.0,Sales,52010.0,18.0,No,No
342,37.0,Sales,38787.0,19.0,No,No
343,34.0,R&D,38472.0,13.0,No,No
344,51.0,Sales,53383.0,3.0,No,No
345,40.0,R&D,91709.0,10.0,No,No
346,38.0,Finance,99785.0,1.0,No,Yes
347,40.0,HR,64518.0,27.0,Yes,No
348,49.0,HR,83909.0,8.0,No,Yes
349,47.0,HR,48351.0,17.0,Yes,No
350,58.0,HR,99624.0,9.0,No,No
351,47.0,HR,83330.0,6.0,Yes,No
352,44.0,HR,45282.0,25.0,Yes,Yes
353,30.0,HR,114866.0,28.0,No,No
354,33.0,Finance,51778.0,33.0,No,No
355,22.0,Sales,54264.0,9.0,No,Yes
356,22.0,IT,89675.0,18.0,Yes,Yes
357,55.0,R&D,35075.0,21.0,No,Yes
358,53.0,IT,105948.0,2.0,No,No
359,46.0,IT,78454.0,15.0,No,No
360,22.0,Sales,58365.0,28.0,Yes,No
361,37.0,Sales,102766.0,18.0,No,Yes
362,26.0,Sales,78200.0,34.0,Yes,No
363,43.0,HR,41002.0,22.0,No,No
364,50.0,Finance,43947.0,11.0,No,No
365,24.0,HR,109222.0,13.0,No,No
366,33.0,Finance,108610.0,4.0,No,Yes
367,47.0,Finance,82142.0,22.0,No,Yes
368,37.0,IT,86307.0,7.0,No,Yes
369,58.0,IT,34493.0,24.0,No,No
370,43.0,Finance,80085.0,4.0,No,Yes
371,50.0,Finance,64228.0,28.0,No,No
372,35.0,HR,109676.0,15.0,No,No
373,49.0,HR,81875.0,1.0,No,No
374,26.0,IT,61655.0,3.0,No,No
375,51.0,Sales,73472.0,14.0,No,No
376,26.0,Finance,74041.36899747261,1.0,No,No
377,33.0,HR,79416.0,21.0,Yes,Yes
378,37.0,IT,89711.0,29.0,No,No
379,47.0,HR,36816.0,5.0,No,No
380,47.0,Finance,107175.0,10.0,Yes,No
381,42.0,Finance,94307.0,28.0,Yes,No
382,57.0,R&D,76733.0,21.0,No,No
383,54.0,Sales,41240.0,7.0,No,No
384,51.0,R&D,101363.0,3.0,No,No
385,58.0,IT,62762.0,20.0,Yes,No
386,44.0,HR,38259.0,19.0,No,Yes
387,31.0,IT,80139.0,4.0,Yes,No
388,26.0,Finance,44849.0,5.0,No,No
389,57.0,R&D,111768.0,1.0,Yes,No
390,55.0,R&D,119709.0,4.0,Yes,No
391,52.0,R&D,84869.0,12.0,Yes,No
392,41.021996615905245,IT,93095.0,27.0,No,Yes
393,40.0,Finance,100910.0,23.0,Yes,No
394,53.0,HR,116710.0,25.0,No,No
395,22.0,HR,53567.0,21.0,No,No
396,26.0,IT,65292.0,17.392617449664428,No,Yes
397,25.0,R&D,104813.0,25.0,No,No
398,37.0,Sales,81631.0,32.0,No,No
399,45.0,IT,39885.0,32.0,Yes,No
400,37.0,IT,89659.0,5.0,No,No
401,23.0,Finance,84306.0,16.0,Yes,Yes
402,49.0,HR,96314.0,17.392617449664428,Yes,No
403,53.0,IT,95087.0,21.0,No,No
404,48.0,IT,59165.0,9.0,No,No
405,41.0,R&D,88929.0,6.0,No,No
406,45.0,R&D,97028.0,22.0,No,Yes
407,33.0,Sales,79812.0,5.0,No,No
408,56.0,Finance,80500.0,23.0,Yes,No
409,54.0,Sales,109151.0,17.0,Yes,No
410,54.0,R&D,88643.0,12.0,Yes,No
411,58.0,HR,74900.0,23.0,Yes,No
412,33.0,R&D,72946.0,16.0,No,No
413,24.0,Finance,37851.0,3.0,No,Yes
414,22.0,R&D,46288.0,30.0,Yes,No
415,54.0,Finance,102692.0,22.0,No,No
416,31.0,Finance,97580.0,9.0,No,No
417,50.0,Finance,37368.0,29.0,Yes,No
418,34.0,Finance,115436.0,23.0,Yes,No
419,33.0,Finance,76403.0,13.0,Yes,No
420,52.0,HR,39168.0,32.0,Yes,No
421,23.0,Sales,116497.0,23.0,Yes,No
422,41.021996615905245,IT,79879.0,17.0,No,No
423,44.0,Sales,89871.0,21.0,Yes,Yes
424,38.0,Finance,119388.0,2.0,No,No
425,47.0,HR,62174.0,6.0,No,Yes
426,29.0,R&D,36581.0,18.0,No,No
427,50.0,HR,101853.0,30.0,No,No
428,47.0,Finance,94046.0,22.0,Yes,No
429,31.0,HR,79678.0,33.0,No,No
430,47.0,HR,56649.0,30.0,No,No
431,55.0,Finance,118668.0,17.0,Yes,Yes
432,28.0,HR,112325.0,32.0,Yes,No
433,25.0,IT,44567.0,14.0,No,No
434,32.0,IT,110404.0,10.0,No,Yes
435,50.0,HR,119906.0,34.0,No,No
436,57.0,R&D,91944.0,9.0,No,No
437,46.0,Finance,108002.0,28.0,No,No
438,42.0,IT,58803.0,11.0,Yes,Yes
439,57.0,R&D,48230.0,14.0,No,No
440,31.0,HR,47862.0,19.0,Yes,Yes
441,58.0,R&D,73355.0,15.0,Yes,Yes
442,30.0,Sales,61259.0,28.0,No,No
443,45.0,IT,117445.0,24.0,No,No
444,56.0,HR,60795.0,8.0,No,No
445,56.0,Finance,38770.0,9.0,No,Yes
446,57.0,HR,41093.0,33.0,No,No
447,39.0,Finance,76571.0,33.0,Yes,No
448,53.0,HR,30193.0,19.0,Yes,No
449,45.0,R&D,47569.0,3.0,Yes,No
450,44.0,R&D,41190.0,10.0,No,Yes
451,53.0,R&D,92824.0,1.0,No,No
452,58.0,Sales,72752.0,29.0,No,No
453,33.0,Finance,62327.0,34.0,No,Yes
454,34.0,R&D,72070.0,13.0,No,Yes
455,44.0,Sales,115925.0,1.0,Yes,Yes
456,46.0,Finance,70197.0,34.0,Yes,Yes
457,56.0,HR,32261.0,29.0,No,No
458,51.0,Sales,56512.0,13.0,No,No
459,38.0,IT,36716.0,29.0,No,Yes
460,41.0,Sales,116795.0,24.0,Yes,Yes
461,46.0,Sales,58933.0,26.0,No,No
462,43.0,Finance,34378.0,17.0,No,No
463,34.0,HR,70583.0,7.0,Yes,No
464,40.0,IT,115371.0,13.0,No,No
465,57.0,R&D,59033.0,5.0,No,No
466,33.0,R&D,54000.0,26.0,No,No
467,40.0,Sales,105868.0,3.0,Yes,Yes
468,33.0,Finance,72604.0,7.0,No,No
469,30.0,Finance,98336.0,1.0,No,No
470,28.0,R&D,103869.0,17.0,No,No
471,49.0,IT,35410.0,25.0,No,No
472,35.0,HR,113375.0,3.0,No,No
473,52.0,IT,86044.0,15.0,No,Yes
474,40.0,HR,93315.0,29.0,No,No
475,37.0,R&D,101344.0,32.0,No,Yes
476,26.0,HR,36796.0,26.0,Yes,Yes
477,56.0,Finance,116716.0,16.0,No,No
478,33.0,Sales,84245.0,25.0,Yes,No
479,46.0,Sales,73056.0,28.0,No,No
480,42.0,R&D,47709.0,9.0,No,No
481,57.0,Finance,88557.0,1.0,No,Yes
482,44.0,IT,47543.0,29.0,No,Yes
483,37.0,Finance,67418.0,22.0,No,No
484,35.0,Sales,46724.0,16.0,Yes,No
485,52.0,Sales,33828.0,7.0,No,No
486,26.0,Finance,47087.0,14.0,No,No
487,56.0,Finance,42605.0,29.0,Yes,No
488,44.0,Sales,61337.0,19.0,Yes,No
489,50.0,IT,35482.0,19.0,No,Yes
490,32.0,R&D,95333.0,2.0,No,No
491,39.0,R&D,118296.0,15.0,No,No
492,33.0,Finance,80952.0,3.0,No,No
493,30.0,R&D,35463.0,11.0,Yes,No
494,31.0,Sales,100448.0,30.0,No,No
495,38.0,Sales,34648.0,18.0,No,No
496,59.0,Finance,63623.0,2.0,No,Yes
497,28.0,Finance,89156.0,32.0,No,No
498,34.0,Finance,65634.0,8.0,No,Yes
499,30.0,IT,74602.0,22.0,No,No
500,48.0,R&D,79334.0,6.0,No,Yes
501,23.0,Finance,98648.0,12.0,Yes,Yes
502,26.0,HR,52054.0,15.0,No,No
503,50.0,HR,74041.36899747261,28.0,No,No
504,58.0,Sales,52207.0,18.0,No,Yes
505,59.0,R&D,110650.0,2.0,Yes,Yes
506,40.0,Finance,111554.0,13.0,No,No
507,29.0,HR,51386.0,15.0,Yes,No
508,22.0,R&D,113276.0,20.0,No,No
509,43.0,Sales,89518.0,29.0,No,Yes
510,38.0,IT,82781.0,29.0,No,No
511,28.0,R&D,82780.0,3.0,Yes,Yes
512,46.0,R&D,91440.0,19.0,No,Yes
513,25.0,IT,74199.0,3.0,No,No
514,57.0,R&D,91035.0,14.0,No,No
515,27.0,Sales,38210.0,4.0,No,No
516,52.0,Sales,74363.0,11.0,No,No
517,40.0,IT,108279.0,31.0,No,No
518,48.0,Finance,90348.0,17.392617449664428,Yes,No
519,31.0,HR,85284.0,27.0,Yes,No
520,47.0,Finance,102124.0,30.0,No,No
521,40.0,R&D,98847.0,2.0,No,No
522,24.0,HR,52432.0,9.0,No,No
523,34.0,IT,94089.0,28.0,Yes,No
524,49.0,IT,85398.0,31.0,Yes,No
525,41.0,HR,33321.0,34.0,No,No
526,49.0,Sales,111348.0,15.0,Yes,No
527,29.0,HR,67383.0,25.0,No,No
528,22.0,R&D,74041.36899747261,8.0,Yes,Yes
529,24.0,Sales,109190.0,9.0,No,No
530,34.0,IT,82893.0,32.0,No,No
531,49.0,HR,65820.0,17.0,Yes,Yes
532,46.0,Finance,96262.0,19.0,No,No
533,54.0,Finance,33760.0,29.0,Yes,No
534,59.0,R&D,52190.0,7.0,No,No
535,27.0,Finance,97411.0,28.0,No,No
536,53.0,HR,53377.0,9.0,No,No
537,42.0,HR,76737.0,28.0,No,Yes
538,37.0,Finance,99569.0,6.0,No,No
539,42.0,HR,68211.0,29.0,Yes,Yes
540,32.0,R&D,112909.0,17.0,Yes,Yes
541,58.0,Sales,33744.0,16.0,No,Yes
542,57.0,R&D,54995.0,23.0,No,No
543,56.0,R&D,46977.0,31.0,No,No
544,40.0,HR,64542.0,3.0,No,Yes
545,41.0,Sales,40651.0,21.0,No,Yes
546,39.0,HR,108931.0,26.0,No,No
547,35.0,IT,46715.0,22.0,No,Yes
548,36.0,HR,74409.0,12.0,No,Yes
549,52.0,HR,54306.0,13.0,No,Yes
550,22.0,HR,49086.0,11.0,Yes,No
551,24.0,Sales,44376.0,16.0,Yes,No
552,37.0,HR,91350.0,8.0,Yes,No
553,44.0,Sales,101425.0,2.0,Yes,No
554,32.0,Finance,66636.0,30.0,No,No
555,33.0,IT,116120.0,30.0,No,No
556,31.0,Sales,81649.0,12.0,No,No
557,53.0,Finance,64610.0,10.0,No,No
558,37.0,Sales,40058.0,11.0,No,No
559,29.0,Sales,104637.0,15.0,Yes,Yes
560,59.0,IT,108033.0,16.0,Yes,No
561,33.0,R&D,100194.0,17.0,Yes,No
562,45.0,R&D,106917.0,26.0,No,No
563,49.0,Sales,94200.0,2.0,Yes,No
564,29.0,HR,76619.0,12.0,Yes,No
565,49.0,Finance,47154.0,26.0,No,Yes
566,57.0,HR,49539.0,23.0,No,No
567,47.0,HR,90058.0,18.0,Yes,No
568,29.0,Sales,92068.0,32.0,No,No
569,49.0,Sales,107313.0,3.0,No,No
570,49.0,Sales,60373.0,3.0,No,No
571,58.0,Sales,63154.0,30.0,No,Yes
572,57.0,R&D,36031.0,1.0,Yes,No
573,48.0,Sales,101975.0,30.0,Yes,Yes
574,38.0,R&D,52785.0,32.0,No,No
575,30.0,R&D,108928.0,28.0,No,No
576,54.0,Sales,58669.0,21.0,No,No
577,41.0,IT,32282.0,13.0,No,No
578,34.0,Finance,64624.0,27.0,No,No
579,49.0,HR,78438.0,7.0,No,No
580,50.0,R&D,119900.0,22.0,No,No
581,34.0,Finance,97534.0,10.0,No,No
582,56.0,IT,61705.0,15.0,Yes,No
583,27.0,HR,68244.0,15.0,No,No
584,39.0,HR,104964.0,4.0,Yes,Yes
585,26.0,R&D,74041.36899747261,32.0,Yes,No
586,46.0,Sales,107872.0,23.0,No,No
587,23.0,IT,104878.0,6.0,Yes,No
588,31.0,R&D,102982.0,24.0,Yes,Yes
589,51.0,IT,80583.0,20.0,Yes,No
590,26.0,Sales,68392.0,20.0,No,No
591,54.0,Sales,37461.0,12.0,No,No
592,22.0,R&D,40516.0,33.0,No,No
593,39.0,Sales,109285.0,28.0,Yes,No
594,53.0,Finance,47514.0,8.0,No,No
595,32.0,HR,66268.0,1.0,No,Yes
596,42.0,R&D,66788.0,22.0,No,No
597,47.0,IT,105749.0,6.0,No,No
598,41.021996615905245,Finance,91049.0,21.0,Yes,Yes
599,43.0,R&D,92493.0,32.0,No,No
600,48.0,Sales,66027.0,15.0,No,Yes
601,34.0,Sales,72849.0,5.0,No,No
602,54.0,Sales,47858.0,6.0,No,No
603,41.021996615905245,Sales,114162.0,25.0,No,No
604,56.0,IT,109003.0,29.0,No,Yes
605,22.0,Finance,82395.0,7.0,No,Yes
606,42.0,HR,69758.0,13.0,No,No
607,27.0,IT,84312.0,18.0,No,No
608,49.0,IT,98670.0,2.0,Yes,No
609,38.0,HR,112279.0,8.0,No,No
610,26.0,HR,45434.0,11.0,No,Yes
611,52.0,Sales,94047.0,33.0,No,No
612,26.0,IT,74041.36899747261,27.0,Yes,No
613,59.0,R&D,105769.0,20.0,No,No
614,24.0,HR,96677.0,12.0,No,No
615,44.0,HR,113555.0,31.0,No,No
616,58.0,Finance,115920.0,27.0,No,No
617,58.0,R&D,74041.36899747261,32.0,No,Yes
618,31.0,R&D,118503.0,10.0,Yes,No
619,31.0,HR,70603.0,3.0,No,No
620,40.0,Sales,106708.0,27.0,Yes,Yes
621,38.0,Finance,111926.0,31.0,Yes,No
622,42.0,R&D,98803.0,15.0,No,Yes
623,35.0,HR,69332.0,16.0,No,No
624,30.0,R&D,51312.0,13.0,No,No
625,22.0,Finance,114526.0,11.0,No,No
626,34.0,Finance,74179.0,21.0,No,Yes
627,25.0,IT,101442.0,11.0,No,No
628,22.0,HR,70379.0,30.0,Yes,No
629,53.0,Finance,47297.0,22.0,No,No
630,55.0,IT,32011.0,31.0,No,No
631,49.0,IT,74014.0,14.0,No,Yes
632,52.0,R&D,41738.0,24.0,Yes,No
633,29.0,R&D,77498.0,32.0,No,No
634,47.0,IT,41120.0,17.392617449664428,Yes,No
635,41.021996615905245,R&D,38767.0,15.0,Yes,Yes
636,24.0,Finance,52852.0,3.0,No,Yes
637,33.0,Sales,109239.0,16.0,No,Yes
638,22.0,Finance,30929.0,5.0,No,No
639,26.0,IT,107487.0,21.0,No,No
640,51.0,IT,47438.0,10.0,No,No
641,51.0,Finance,78515.0,19.0,No,No
642,38.0,R&D,35744.0,25.0,No,No
643,44.0,R&D,113820.0,4.0,Yes,No
644,36.0,IT,72417.0,29.0,No,No
645,58.0,HR,37069.0,19.0,No,Yes
646,42.0,R&D,72359.0,2.0,No,No
647,35.0,Finance,49799.0,10.0,No,No
648,23.0,R&D,100188.0,25.0,No,Yes
649,32.0,Finance,119859.0,20.0,No,No
650,59.0,IT,37597.0,19.0,No,No
651,55.0,R&D,77093.0,23.0,Yes,No
652,59.0,Finance,67226.0,24.0,No,No
653,55.0,IT,102127.0,11.0,No,No
654,39.0,HR,107362.0,34.0,No,No
655,51.0,Finance,56417.0,28.0,Yes,No
656,36.0,HR,48693.0,5.0,No,No
657,48.0,HR,109674.0,5.0,No,No
658,55.0,Sales,83161.0,21.0,No,No
659,59.0,R&D,32169.0,12.0,No,No
660,54.0,Finance,114092.0,4.0,No,No
661,45.0,HR,52052.0,20.0,No,No
662,36.0,Sales,101849.0,25.0,No,Yes
663,51.0,IT,103851.0,14.0,No,Yes
664,38.0,Finance,38036.0,11.0,Yes,Yes
665,26.0,HR,61778.0,32.0,No,No
666,50.0,R&D,57734.0,11.0,No,Yes
667,25.0,Sales,53173.0,18.0,No,Yes
668,41.021996615905245,HR,60403.0,27.0,Yes,No
669,38.0,R&D,96321.0,18.0,No,No
670,31.0,HR,101675.0,23.0,Yes,No
671,38.0,Finance,36344.0,11.0,Yes,Yes
672,41.0,Finance,48800.0,21.0,No,No
673,45.0,Finance,55372.0,5.0,No,No
674,26.0,Sales,91516.0,23.0,No,No
675,55.0,Finance,50538.0,25.0,No,No
676,27.0,R&D,93918.0,10.0,Yes,No
677,23.0,HR,44973.0,22.0,No,Yes
678,34.0,IT,101155.0,19.0,No,Yes
679,32.0,R&D,89500.0,1.0,Yes,Yes
680,44.0,R&D,66575.0,7.0,No,No
681,37.0,Finance,72261.0,4.0,No,No
682,52.0,Sales,57716.0,1.0,No,No
683,32.0,HR,33236.0,15.0,No,Yes
684,37.0,Sales,45848.0,12.0,No,No
685,29.0,HR,32352.0,22.0,No,No
686,25.0,HR,31932.0,22.0,No,No
687,25.0,Sales,106449.0,17.0,Yes,No
688,46.0,R&D,38556.0,17.392617449664428,No,Yes
689,24.0,HR,116836.0,14.0,No,No
690,53.0,Sales,35498.0,20.0,No,No
691,24.0,HR,106118.0,33.0,No,Yes
692,48.0,IT,80098.0,15.0,No,Yes
693,50.0,R&D,94386.0,12.0,No,No
694,53.0,Finance,39569.0,20.0,Yes,No
695,40.0,HR,86882.0,30.0,No,No
696,42.0,IT,100393.0,3.0,No,No
697,26.0,Finance,30340.0,28.0,Yes,No
698,39.0,Finance,73949.0,26.0,No,No
699,49.0,HR,112302.0,30.0,No,No
700,43.0,Sales,92443.0,13.0,No,No
701,42.0,HR,104027.0,13.0,Yes,Yes
702,27.0,IT,30138.0,2.0,Yes,No
703,22.0,Finance,30358.0,2.0,No,No
704,26.0,HR,105250.0,26.0,Yes,No
705,33.0,Sales,115376.0,11.0,No,No
706,47.0,HR,60654.0,8.0,No,No
707,55.0,R&D,55879.0,22.0,Yes,No
708,35.0,Sales,111532.0,20.0,Yes,No
709,47.0,IT,85778.0,8.0,No,No
710,48.0,Finance,67772.0,29.0,No,No
711,30.0,HR,88478.0,26.0,No,No
712,47.0,Sales,94353.0,30.0,No,No
713,43.0,R&D,56762.0,17.0,No,No
714,51.0,Sales,43283.0,20.0,No,Yes
715,38.0,R&D,93922.0,16.0,No,No
716,47.0,IT,69420.0,7.0,No,Yes
717,57.0,Finance,85568.0,16.0,No,No
718,22.0,IT,115090.0,27.0,No,No
719,29.0,HR,50219.0,23.0,Yes,No
720,56.0,Sales,87169.0,24.0,No,No
721,36.0,R&D,104965.0,9.0,Yes,No
722,43.0,R&D,76840.0,20.0,Yes,No
723,35.0,Sales,74695.0,17.0,No,Yes
724,47.0,Sales,114754.0,31.0,No,No
725,49.0,HR,107988.0,8.0,No,Yes
726,44.0,IT,88342.0,15.0,No,No
727,35.0,R&D,48951.0,31.0,No,No
728,45.0,HR,31307.0,30.0,Yes,No
729,23.0,IT,110388.0,20.0,No,Yes
730,47.0,HR,65428.0,12.0,No,Yes
731,35.0,R&D,105774.0,17.0,No,No
732,28.0,Sales,68975.0,30.0,No,No
733,24.0,Sales,31140.0,29.0,Yes,No
734,44.0,IT,54842.0,19.0,No,No
735,39.0,Finance,56421.0,11.0,No,No
736,59.0,IT,31708.0,34.0,No,Yes
737,56.0,Finance,33630.0,7.0,No,No
738,36.0,HR,49595.0,34.0,No,No
739,46.0,HR,106021.0,20.0,No,No
740,58.0,R&D,58308.0,24.0,No,No
741,49.0,Finance,74789.0,10.0,No,Yes
742,31.0,R&D,85690.0,32.0,Yes,No
743,38.0,Sales,56086.0,15.0,Yes,Yes
744,43.0,Finance,46859.0,20.0,No,No
745,47.0,IT,37684.0,3.0,Yes,Yes
746,46.0,Sales,31207.0,8.0,Yes,No
747,38.0,Sales,76099.0,23.0,No,No
748,34.0,IT,97496.0,11.0,No,No
749,41.0,Sales,96093.0,8.0,No,No
750,46.0,Finance,59689.0,29.0,Yes,No
751,25.0,R&D,78651.0,30.0,Yes,Yes
752,41.021996615905245,Sales,43893.0,10.0,Yes,No
753,24.0,Finance,96418.0,28.0,No,Yes
754,39.0,HR,90011.0,13.0,No,No
755,57.0,Finance,68635.0,32.0,No,No
756,43.0,R&D,86115.0,26.0,Yes,No
757,55.0,Finance,108405.0,22.0,No,No
758,29.0,IT,102702.0,4.0,No,Yes
759,40.0,R&D,108518.0,31.0,No,Yes
760,58.0,HR,102805.0,18.0,No,No
761,27.0,IT,88954.0,24.0,No,No
762,47.0,Finance,58064.0,23.0,Yes,Yes
763,55.0,R&D,109063.0,22.0,Yes,Yes
764,27.0,HR,32454.0,2.0,No,No
765,58.0,IT,50878.0,31.0,Yes,No
766,54.0,HR,81098.0,11.0,Yes,No
767,43.0,Finance,92154.0,28.0,Yes,No
768,42.0,HR,42991.0,32.0,Yes,Yes
769,27.0,Sales,98344.0,5.0,No,No
770,27.0,IT,66593.0,10.0,No,No
771,25.0,HR,66304.0,24.0,No,Yes
772,51.0,Finance,60386.0,23.0,No,Yes
773,32.0,Finance,85220.0,17.0,No,No
774,51.0,HR,99338.0,1.0,No,No
775,52.0,Finance,51083.0,31.0,No,Yes
776,45.0,R&D,48354.0,31.0,No,No
777,30.0,R&D,52190.0,34.0,Yes,No
778,24.0,R&D,36142.0,9.0,No,No
779,52.0,Sales,58398.0,22.0,No,No
780,58.0,HR,81971.0,13.0,No,No
781,57.0,Sales,71862.0,25.0,No,No
782,45.0,Finance,83410.0,18.0,No,No
783,52.0,Sales,49503.0,12.0,No,No
784,27.0,Finance,78456.0,17.0,Yes,No
785,23.0,Finance,112035.0,15.0,No,No
786,41.0,IT,38016.0,15.0,No,No
787,49.0,R&D,32384.0,15.0,No,No
788,32.0,Finance,92320.0,13.0,Yes,Yes
789,25.0,IT,45072.0,17.0,No,No
790,36.0,R&D,110018.0,32.0,No,No
791,27.0,Finance,70510.0,9.0,Yes,No
792,51.0,Finance,78933.0,20.0,No,Yes
793,59.0,Sales,51826.0,26.0,Yes,No
794,23.0,Sales,98026.0,27.0,No,No
795,36.0,R&D,55518.0,21.0,No,No
796,32.0,Finance,54045.0,18.0,No,No
797,29.0,HR,80876.0,13.0,Yes,Yes
798,47.0,Sales,81919.0,16.0,No,Yes
799,26.0,R&D,57103.0,9.0,Yes,No
800,27.0,Finance,66188.0,12.0,Yes,No
801,47.0,Finance,35845.0,19.0,Yes,No
802,25.0,HR,116698.0,7.0,Yes,Yes
803,40.0,R&D,66674.0,18.0,No,No
804,41.0,Finance,49337.0,16.0,Yes,Yes
805,54.0,Sales,52313.0,4.0,No,Yes
806,41.0,HR,56943.0,25.0,No,Yes
807,33.0,R&D,107949.0,32.0,No,No
808,22.0,HR,30276.0,13.0,No,No
809,47.0,Sales,81151.0,17.0,No,No
810,41.021996615905245,R&D,47611.0,6.0,No,No
811,59.0,HR,41944.0,19.0,Yes,Yes
812,58.0,IT,82887.0,13.0,No,No
813,32.0,Sales,111442.0,26.0,Yes,No
814,57.0,Sales,79847.0,14.0,Yes,No
815,34.0,Sales,88653.0,31.0,Yes,Yes
816,24.0,IT,116072.0,4.0,No,No
817,54.0,IT,86622.0,8.0,Yes,No
818,27.0,Finance,57810.0,25.0,No,No
819,31.0,HR,107842.0,13.0,Yes,No
820,26.0,Finance,40503.0,32.0,No,Yes
821,44.0,HR,114761.0,28.0,Yes,No
822,31.0,IT,66976.0,30.0,Yes,Yes
823,23.0,IT,41590.0,3.0,No,No
824,34.0,Finance,40886.0,28.0,Yes,No
825,23.0,R&D,42866.0,3.0,No,Yes
826,41.0,Finance,96624.0,34.0,No,No
827,22.0,HR,98899.0,16.0,Yes,No
828,58.0,Finance,62792.0,22.0,No,Yes
829,30.0,Sales,39764.0,32.0,Yes,No
830,38.0,HR,116156.0,8.0,No,No
831,30.0,HR,72727.0,8.0,Yes,No
832,32.0,R&D,108471.0,6.0,No,No
833,36.0,IT,38068.0,14.0,Yes,No
834,45.0,HR,37295.0,32.0,No,No
835,59.0,IT,71160.0,10.0,No,No
836,56.0,Finance,41390.0,3.0,No,No
837,51.0,Sales,50131.0,12.0,No,Yes
838,52.0,R&D,105969.0,31.0,No,No
839,41.021996615905245,IT,45038.0,29.0,No,No
840,35.0,HR,82327.0,5.0,Yes,Yes
841,32.0,IT,107064.0,25.0,Yes,No
842,30.0,HR,51281.0,31.0,Yes,No
843,55.0,IT,84189.0,21.0,No,No
844,33.0,HR,78511.0,20.0,No,Yes
845,56.0,Finance,38605.0,22.0,No,Yes
846,56.0,HR,31381.0,4.0,Yes,No
847,22.0,HR,96634.0,13.0,No,No
848,43.0,Sales,49810.0,20.0,Yes,Yes
849,50.0,HR,54322.0,13.0,No,No
850,29.0,Sales,71869.0,17.0,No,Yes
851,32.0,R&D,62955.0,33.0,No,No
852,58.0,Sales,91388.0,1.0,No,No
853,35.0,Finance,40207.0,15.0,No,No
854,51.0,Sales,117329.0,13.0,Yes,Yes
855,56.0,R&D,97628.0,17.0,No,No
856,42.0,Finance,58220.0,24.0,Yes,Yes
857,58.0,IT,114050.0,8.0,No,No
858,26.0,IT,104085.0,27.0,No,No
859,40.0,Sales,52031.0,23.0,Yes,Yes
860,35.0,Sales,100721.0,8.0,Yes,No
861,47.0,R&D,74041.36899747261,8.0,No,No
862,25.0,R&D,101312.0,26.0,No,Yes
863,46.0,HR,89766.0,13.0,No,No
864,46.0,R&D,42449.0,28.0,Yes,Yes
865,39.0,HR,119833.0,25.0,Yes,No
866,29.0,Finance,86699.0,16.0,No,No
867,35.0,Sales,111253.0,2.0,No,Yes
868,53.0,Finance,76092.0,18.0,Yes,No
869,59.0,R&D,93671.0,17.0,No,No
870,54.0,Finance,40350.0,30.0,Yes,No
871,44.0,Finance,98487.0,13.0,No,No
872,36.0,Finance,47622.0,32.0,No,No
873,54.0,R&D,100263.0,29.0,No,No
874,46.0,Finance,83117.0,30.0,No,No
875,38.0,HR,88394.0,18.0,No,No
876,54.0,R&D,53782.0,13.0,Yes,No
877,23.0,Finance,58454.0,21.0,Yes,No
878,35.0,R&D,97904.0,30.0,No,No
879,27.0,IT,45592.0,21.0,No,No
880,27.0,HR,52173.0,17.0,No,No
881,41.021996615905245,Finance,63204.0,19.0,No,No
882,28.0,IT,65596.0,15.0,No,No
883,29.0,IT,64324.0,9.0,Yes,No
884,36.0,R&D,91202.0,10.0,No,No
885,50.0,IT,119400.0,31.0,No,Yes
886,54.0,HR,60750.0,23.0,No,No
887,51.0,HR,106112.0,30.0,No,No
888,48.0,Sales,46566.0,33.0,Yes,No
889,57.0,HR,37190.0,9.0,No,Yes
890,50.0,IT,118607.0,1.0,No,Yes
891,59.0,HR,68333.0,11.0,No,No
892,54.0,R&D,110905.0,34.0,Yes,No
893,58.0,Sales,119571.0,16.0,Yes,Yes
894,48.0,IT,31589.0,9.0,Yes,No
895,54.0,Sales,55235.0,32.0,Yes,No
896,25.0,IT,30159.0,15.0,No,Yes
897,43.0,R&D,42145.0,12.0,No,No
898,23.0,Sales,110909.0,33.0,No,No
899,31.0,Finance,61921.0,14.0,No,No
900,26.0,IT,46237.0,8.0,No,No
901,31.0,Finance,38244.0,8.0,Yes,No
902,54.0,Sales,44743.0,27.0,No,No
903,59.0,Finance,76101.0,12.0,No,No
904,34.0,Finance,114227.0,1.0,Yes,No
905,52.0,Sales,86378.0,11.0,Yes,Yes
906,57.0,R&D,101126.0,31.0,No,No
907,45.0,Finance,86071.0,17.0,No,No
908,36.0,Finance,101121.0,33.0,No,Yes
909,50.0,R&D,104763.0,32.0,Yes,No
910,29.0,Finance,42237.0,29.0,No,Yes
911,26.0,Finance,45649.0,21.0,No,No
912,50.0,Finance,67713.0,21.0,Yes,No
913,25.0,HR,74041.36899747261,23.0,No,No
914,33.0,R&D,75409.0,6.0,Yes,No
915,23.0,Finance,78766.0,22.0,No,Yes
916,48.0,R&D,76154.0,8.0,Yes,No
917,52.0,IT,37016.0,11.0,Yes,Yes
918,57.0,IT,109563.0,24.0,Yes,No
919,57.0,Finance,78688.0,21.0,Yes,Yes
920,47.0,R&D,119678.0,2.0,No,No
921,48.0,R&D,84238.0,19.0,Yes,No
922,26.0,R&D,88608.0,28.0,No,No
923,41.0,HR,119081.0,17.0,Yes,No
924,32.0,IT,61897.0,6.0,No,No
925,31.0,R&D,80961.0,19.0,No,Yes
926,59.0,R&D,98703.0,28.0,Yes,Yes
927,27.0,HR,74757.0,2.0,No,No
928,29.0,HR,56917.0,4.0,Yes,Yes
929,44.0,R&D,52736.0,22.0,No,Yes
930,47.0,Sales,57990.0,26.0,No,No
931,33.0,R&D,92551.0,13.0,No,No
932,47.0,R&D,88161.0,32.0,No,No
933,34.0,HR,109623.0,17.0,No,No
934,39.0,HR,52440.0,19.0,Yes,No
935,46.0,R&D,65205.0,28.0,Yes,No
936,54.0,R&D,110811.0,1.0,No,No
937,33.0,R&D,85103.0,18.0,No,No
938,57.0,HR,100812.0,33.0,No,No
939,25.0,R&D,71627.0,12.0,No,No
940,26.0,R&D,49008.0,8.0,No,No
941,58.0,Finance,101274.0,24.0,No,Yes
942,29.0,Sales,62402.0,16.0,No,Yes
943,49.0,IT,83384.0,4.0,No,Yes
944,52.0,Sales,35793.0,27.0,No,No
945,30.0,Finance,35571.0,9.0,Yes,No
946,50.0,IT,46209.0,16.0,Yes,No
947,35.0,R&D,73148.0,12.0,No,No
948,43.0,Finance,32224.0,31.0,Yes,No
949,32.0,R&D,78695.0,24.0,No,Yes
950,44.0,HR,62441.0,14.0,No,No
951,22.0,Finance,69129.0,25.0,No,No
952,58.0,HR,92368.0,34.0,No,No
953,42.0,Finance,74760.0,3.0,No,No
954,47.0,Finance,53478.0,24.0,No,Yes
955,57.0,HR,101854.0,9.0,No,Yes
956,44.0,IT,115716.0,26.0,No,Yes
957,22.0,Sales,42180.0,20.0,No,No
958,36.0,R&D,45372.0,10.0,No,No
959,42.0,Finance,59796.0,19.0,No,No
960,30.0,R&D,88272.0,3.0,No,No
961,30.0,HR,119963.0,24.0,No,No
962,31.0,R&D,84040.0,5.0,No,No
963,47.0,HR,105357.0,3.0,No,Yes
964,56.0,R&D,101368.0,27.0,No,No
965,46.0,Sales,108356.0,16.0,No,No
966,47.0,Sales,46211.0,15.0,No,Yes
967,32.0,Sales,35842.0,12.0,No,No
968,59.0,Sales,93115.0,26.0,No,No
969,23.0,Sales,96852.0,34.0,No,No
970,28.0,Sales,75968.0,23.0,No,No
971,39.0,HR,47508.0,31.0,No,No
972,48.0,Finance,52005.0,20.0,Yes,No
973,55.0,R&D,84575.0,12.0,No,Yes
974,48.0,Sales,110742.0,23.0,No,Yes
975,38.0,HR,48971.0,17.392617449664428,No,Yes
976,45.0,HR,55599.0,23.0,No,Yes
977,41.021996615905245,HR,117592.0,1.0,No,No
978,28.0,Finance,96914.0,25.0,No,No
979,27.0,R&D,97055.0,2.0,Yes,Yes
980,45.0,Finance,117697.0,30.0,No,No
981,54.0,IT,35355.0,3.0,No,Yes
982,50.0,HR,84120.0,21.0,Yes,No
983,43.0,IT,104619.0,25.0,Yes,Yes
984,47.0,Sales,68342.0,20.0,No,No
985,49.0,Sales,115992.0,22.0,No,No
986,42.0,Finance,108860.0,21.0,Yes,No
987,28.0,R&D,32257.0,33.0,No,No
988,38.0,IT,57364.0,15.0,No,No
989,41.0,R&D,54972.0,15.0,No,Yes
990,41.0,Finance,56654.0,25.0,No,Yes
991,43.0,Sales,110769.0,21.0,No,Yes
992,49.0,R&D,111423.0,24.0,No,No
993,28.0,R&D,59320.0,5.0,No,Yes
994,22.0,Sales,50808.0,6.0,No,No
995,53.0,IT,82389.0,23.0,Yes,No
996,34.0,Sales,64773.0,4.0,No,No
997,51.0,R&D,81168.0,27.0,Yes,No
998,44.0,IT,57747.0,18.0,Yes,Yes
999,40.0,IT,106396.0,21.0,Yes,Yes
1000,53.0,Sales,113692.0,28.0,Yes,No
1001,51.0,R&D,87505.0,22.0,No,No
1002,50.0,Finance,115896.0,23.0,Yes,Yes
1003,50.0,R&D,48135.0,3.0,No,Yes
1004,51.0,HR,77377.0,10.0,No,No
1005,37.0,Finance,53554.0,25.0,No,Yes
1006,40.0,IT,92491.0,8.0,Yes,No
1007,39.0,Finance,85621.0,11.0,No,No
1008,22.0,IT,88283.0,5.0,No,No
1009,35.0,IT,115140.0,29.0,No,Yes
1010,41.021996615905245,Finance,46923.0,5.0,No,Yes
1011,49.0,IT,77591.0,9.0,No,No
1012,51.0,IT,92261.0,2.0,No,No
1013,59.0,HR,84336.0,1.0,No,No
1014,25.0,R&D,104083.0,30.0,No,No
1015,22.0,R&D,90948.0,11.0,Yes,No
1016,29.0,HR,63002.0,28.0,No,Yes
1017,50.0,Finance,110098.0,12.0,Yes,Yes
1018,24.0,Sales,103016.0,26.0,No,No
1019,53.0,Sales,56672.0,13.0,No,Yes
1020,31.0,Sales,34213.0,8.0,No,Yes
1021,31.0,HR,40293.0,28.0,No,No
1022,40.0,HR,85860.0,30.0,No,No
1023,55.0,IT,92507.0,9.0,No,No
1024,54.0,Sales,87134.0,31.0,No,No
1025,44.0,Finance,32100.0,21.0,No,Yes
1026,49.0,Finance,91997.0,34.0,Yes,No
1027,53.0,Sales,58172.0,31.0,No,No
1028,28.0,Sales,50132.0,25.0,No,No
1029,50.0,Sales,48199.0,12.0,Yes,No
1030,29.0,HR,66609.0,1.0,No,Yes
1031,22.0,HR,72965.0,22.0,Yes,No
1032,24.0,HR,38016.0,1.0,No,Yes
1033,45.0,R&D,69779.0,1.0,No,No
1034,44.0,Finance,61881.0,21.0,No,No
1035,29.0,Finance,112594.0,15.0,Yes,No
1036,58.0,IT,54472.0,17.0,Yes,No
1037,24.0,HR,81813.0,22.0,Yes,Yes
1038,54.0,R&D,66021.0,16.0,No,No
1039,49.0,R&D,84131.0,8.0,No,No
1040,29.0,Finance,54087.0,17.0,No,Yes
1041,55.0,HR,42828.0,17.0,No,No
1042,56.0,IT,91610.0,26.0,No,No
1043,53.0,HR,31401.0,13.0,No,Yes
1044,45.0,Sales,115179.0,17.0,No,No
1045,35.0,HR,45193.0,17.0,No,Yes
1046,53.0,Sales,74864.0,14.0,No,No
1047,37.0,Sales,50307.0,6.0,Yes,Yes
1048,25.0,IT,49611.0,14.0,Yes,No
1049,58.0,Finance,73791.0,8.0,No,No
1050,42.0,HR,41950.0,15.0,Yes,No
1051,35.0,Sales,106240.0,27.0,No,No
1052,52.0,HR,107403.0,13.0,No,No
1053,39.0,Finance,32745.0,31.0,No,No
1054,28.0,Finance,85243.0,6.0,No,Yes
1055,31.0,R&D,33866.0,5.0,Yes,No
1056,28.0,Finance,62245.0,22.0,No,No
1057,54.0,IT,74724.0,23.0,No,No
1058,44.0,Sales,101354.0,25.0,No,No
1059,42.0,R&D,81374.0,34.0,No,No
1060,40.0,IT,60116.0,26.0,No,No
1061,40.0,HR,111029.0,5.0,No,No
1062,57.0,Sales,50447.0,26.0,No,Yes
1063,50.0,Finance,60431.0,20.0,Yes,No
1064,39.0,Sales,47908.0,6.0,No,No
1065,23.0,HR,59336.0,6.0,No,No
1066,22.0,R&D,70992.0,18.0,No,No
1067,26.0,R&D,85350.0,4.0,No,Yes
1068,41.0,R&D,99561.0,17.0,No,No
1069,32.0,Finance,81955.0,14.0,No,No
1070,23.0,IT,91240.0,14.0,No,Yes
1071,24.0,IT,50093.0,13.0,Yes,No
1072,44.0,Sales,36155.0,7.0,No,Yes
1073,33.0,Finance,76607.0,15.0,Yes,No
1074,41.0,R&D,63487.0,19.0,Yes,Yes
1075,26.0,R&D,85668.0,17.0,No,No
1076,41.021996615905245,HR,50963.0,19.0,No,No
1077,59.0,HR,80124.0,20.0,No,No
1078,51.0,R&D,82870.0,32.0,Yes,No
1079,30.0,R&D,86547.0,24.0,No,No
1080,55.0,Finance,94110.0,17.0,No,Yes
1081,56.0,IT,83554.0,7.0,No,Yes
1082,43.0,HR,50936.0,1.0,No,No
1083,45.0,IT,34426.0,32.0,No,Yes
1084,38.0,Finance,118839.0,13.0,No,No
1085,31.0,R&D,57606.0,6.0,No,No
1086,51.0,IT,77832.0,14.0,Yes,No
1087,44.0,R&D,58151.0,15.0,No,No
1088,53.0,R&D,109303.0,4.0,No,Yes
1089,38.0,Sales,41308.0,16.0,No,No
1090,38.0,IT,92522.0,28.0,Yes,No
1091,35.0,IT,75671.0,16.0,No,No
1092,30.0,R&D,32204.0,4.0,No,No
1093,23.0,Finance,117265.0,26.0,No,Yes
1094,46.0,Sales,61131.0,28.0,Yes,No
1095,30.0,R&D,82428.0,32.0,No,No
1096,43.0,HR,63870.0,2.0,No,No
1097,25.0,HR,79067.0,31.0,No,No
1098,47.0,Sales,88585.0,3.0,Yes,No
1099,50.0,Finance,51607.0,8.0,No,No
1100,55.0,R&D,54968.0,24.0,No,Yes
1101,44.0,IT,41908.0,15.0,Yes,No
1102,58.0,Sales,56423.0,31.0,Yes,No
1103,32.0,Finance,104707.0,9.0,No,No
1104,27.0,IT,108257.0,2.0,Yes,No
1105,39.0,HR,91215.0,8.0,Yes,Yes
1106,42.0,HR,85835.0,7.0,No,No
1107,57.0,IT,79429.0,16.0,No,No
1108,59.0,Sales,112152.0,30.0,Yes,No
1109,55.0,HR,68458.0,10.0,No,No
1110,38.0,R&D,76169.0,18.0,Yes,No
1111,58.0,IT,37659.0,5.0,Yes,Yes
1112,46.0,IT,90614.0,29.0,Yes,No
1113,59.0,HR,107240.0,34.0,No,No
1114,33.0,Sales,62793.0,23.0,Yes,No
1115,44.0,R&D,76473.0,5.0,Yes,No
1116,43.0,Sales,119388.0,30.0,No,No
1117,42.0,Finance,118330.0,6.0,No,No
1118,48.0,Finance,85751.0,4.0,Yes,Yes
1119,52.0,HR,108915.0,29.0,No,No
1120,27.0,HR,84254.0,23.0,Yes,No
1121,48.0,HR,37006.0,6.0,No,No
1122,55.0,Finance,104218.0,32.0,No,No
1123,33.0,Sales,95344.0,18.0,No,No
1124,28.0,Sales,63840.0,15.0,No,No
1125,31.0,HR,62430.0,32.0,No,No
1126,38.0,R&D,53091.0,9.0,Yes,No
1127,47.0,Sales,62983.0,17.392617449664428,No,No
1128,42.0,Finance,53989.0,20.0,Yes,No
1129,49.0,IT,105451.0,6.0,No,No
1130,23.0,IT,48990.0,3.0,No,No
1131,22.0,IT,110360.0,11.0,No,No
1132,57.0,R&D,66081.0,17.0,No,No
1133,41.021996615905245,HR,41033.0,32.0,No,No
1134,50.0,Finance,46241.0,4.0,No,No
1135,42.0,R&D,35939.0,4.0,Yes,No
1136,32.0,Finance,77562.0,17.0,No,No
1137,32.0,Finance,65063.0,19.0,No,No
1138,57.0,HR,74041.36899747261,5.0,No,No
1139,56.0,IT,57045.0,32.0,No,No
1140,55.0,HR,74769.0,22.0,Yes,Yes
1141,45.0,R&D,77118.0,6.0,No,No
1142,43.0,R&D,114703.0,22.0,No,No
1143,41.021996615905245,R&D,51625.0,1.0,Yes,No
1144,54.0,HR,57076.0,20.0,No,No
1145,57.0,Finance,94805.0,22.0,No,Yes
1146,41.0,Finance,74605.0,11.0,No,Yes
1147,40.0,Sales,114565.0,13.0,No,No
1148,56.0,R&D,118509.0,3.0,Yes,No
1149,38.0,Finance,69121.0,9.0,No,No
1150,55.0,Sales,95101.0,12.0,No,Yes
1151,30.0,Finance,61433.0,23.0,No,Yes
1152,47.0,R&D,73309.0,14.0,No,No
1153,23.0,IT,97468.0,33.0,Yes,No
1154,30.0,R&D,74254.0,18.0,Yes,No
1155,30.0,HR,97293.0,9.0,No,Yes
1156,38.0,Finance,67853.0,23.0,No,No
1157,22.0,Finance,68405.0,10.0,No,Yes
1158,46.0,HR,96652.0,19.0,Yes,Yes
1159,46.0,HR,73527.0,5.0,No,No
1160,41.021996615905245,IT,107227.0,23.0,No,No
1161,24.0,Finance,30492.0,30.0,No,Yes
1162,58.0,Finance,38811.0,25.0,Yes,No
1163,51.0,IT,54272.0,28.0,No,No
1164,59.0,Sales,102010.0,34.0,No,No
1165,55.0,IT,77153.0,25.0,No,No
1166,33.0,R&D,84110.0,10.0,No,Yes
1167,40.0,Finance,43979.0,14.0,No,No
1168,58.0,HR,58328.0,30.0,No,No
1169,38.0,R&D,74041.36899747261,25.0,No,No
1170,31.0,Finance,89234.0,14.0,Yes,No
1171,33.0,IT,55851.0,34.0,No,Yes
1172,37.0,R&D,61279.0,10.0,Yes,No
1173,45.0,Finance,103402.0,11.0,No,Yes
1174,40.0,Sales,45449.0,11.0,No,No
1175,29.0,Sales,106221.0,21.0,No,No
1176,52.0,HR,119080.0,21.0,No,No
1177,42.0,Finance,35451.0,22.0,Yes,No
1178,38.0,Sales,117178.0,7.0,No,No
1179,44.0,IT,71316.0,17.0,No,No
1180,58.0,Finance,93064.0,2.0,Yes,No
1181,37.0,IT,93761.0,12.0,No,Yes
1182,27.0,IT,68870.0,18.0,Yes,No
1183,29.0,Sales,60873.0,11.0,No,Yes
1184,46.0,Finance,88627.0,16.0,No,No
1185,39.0,R&D,96155.0,18.0,Yes,No
1186,46.0,Sales,55372.0,26.0,No,No
1187,33.0,Sales,33642.0,16.0,Yes,No
1188,36.0,Finance,58001.0,6.0,Yes,Yes
1189,47.0,Finance,64064.0,12.0,Yes,No
1190,47.0,IT,44122.0,13.0,No,No
1191,53.0,Finance,54820.0,4.0,No,No
1192,31.0,IT,98431.0,2.0,No,No
1193,37.0,Sales,85745.0,26.0,Yes,No
1194,28.0,HR,80081.0,27.0,Yes,No
1195,38.0,R&D,100902.0,27.0,No,Yes
1196,44.0,Sales,38711.0,15.0,No,Yes
1197,47.0,Finance,115132.0,8.0,No,No
1198,42.0,R&D,48793.0,7.0,Yes,No
1199,43.0,HR,38199.0,12.0,No,No
1200,28.0,HR,106253.0,13.0,No,No
59,52.0,IT,74041.36899747261,29.0,No,Yes
975,38.0,HR,48971.0,4.0,No,Yes
